Twitter,State,Chamber of Congress,Name,Party,screen_name
@SenShelby,Alabama,Senator,Richard Shelby,R,SenShelby
@DougJones,Alabama,Senator,Doug Jones,D,DougJones
@RepByrne,Alabama 1st District,Representative,"Byrne, Bradley",R,RepByrne
@RepMarthaRoby,Alabama 2nd District,U.S. Representative,"Roby, Martha",R,RepMarthaRoby
@RepMikeRogersAL,Alabama 3rd District,U.S. Representative,"Rogers, Mike",R,RepMikeRogersAL
@Robert_Aderholt,Alabama 4th District,U.S. Representative,"Aderholt, Robert",R,Robert_Aderholt
@RepMoBrooks,Alabama 5th District,U.S. Representative,"Brooks, Mo",R,RepMoBrooks
@USRepGaryPalmer,Alabama 6th District,U.S. Representative,"Palmer, Gary",R,USRepGaryPalmer
@RepTerriSewell,Alabama 7th District,U.S. Representative,"Sewell, Terri A.",D,RepTerriSewell
@SenDanSullivan,Alaska,U.S. Senator,"Sullivan, Dan",R,SenDanSullivan
@lisamurkowski,Alaska,U.S. Senator,"Murkowski, Lisa",R,lisamurkowski
@RepDonYoung,Alaska At-Large,U.S. Representative,"Young, Don",R,RepDonYoung
@RepAmata,American Samoa At-Large,U.S. Representative,"Radewagen, Amata",R,RepAmata
@SenMcSallyAZ,Arizona,U.S. Senator,"McSally, Martha",R,SenMcSallyAZ
@SenatorSinema,Arizona,U.S. Senator,"Sinema, Kyrsten",D,SenatorSinema
@TomOHalleran,Arizona 1st District,U.S. Representative,"O'Halleran, Tom",D,TomOHalleran
@RepKirkPatrick,Arizona 2nd District,U.S. Representative,"Kirkpatrick, Ann",D,RepKirkPatrick
@RepRaulGrijalva,Arizona 3rd District,U.S. Representative,"Grijalva, Raul",D,RepRaulGrijalva
@RepGosar,Arizona 4th District,U.S. Representative,"Gosar, Paul A.",R,RepGosar
@AndyBiggs4AZ,Arizona 5th District,U.S. Representative,"Biggs, Andy",R,AndyBiggs4AZ
@RepDavid,Arizona 6th District,U.S. Representative,"Schweikert, David",R,RepDavid
@RepRubenGallego,Arizona 7th District,U.S. Representative,"Gallego, Ruben",D,RepRubenGallego
@RepDLesko,Arizona 8th District,U.S. Representative,"Lesko, Debbie ",R,RepDLesko
@RepGregStanton,Arizona 9th District,U.S. Representative,"Stanton, Greg",D,RepGregStanton
@SenTomCotton,Arkansas,U.S. Senator,"Cotton, Tom",R,SenTomCotton
@JohnBoozman,Arkansas,U.S. Senator,"Boozman, John",R,JohnBoozman
@RepRickCrawford,Arkansas 1st District,U.S. Representative,"Crawford, Rick",R,RepRickCrawford
@RepFrenchHill,Arkansas 2nd District,U.S. Representative,"Hill, French",R,RepFrenchHill
@rep_stevewomack,Arkansas 3rd District,U.S. Representative,"Womack, Steve",R,rep_stevewomack
@RepWesterman,Arkansas 4th District,U.S. Representative,"Westerman, Bruce",R,RepWesterman
@SenFeinstein,California,U.S. Senator,"Feinstein, Dianne",D,SenFeinstein
@KamalaHarris,California,U.S. Senator,"Harris, Kamala",D,KamalaHarris
@RepLaMalfa,California 1st District,U.S. Representative,"LaMalfa, Doug",R,RepLaMalfa
@RepHuffman,California 2nd District,U.S. Representative,"Huffman, Jared",D,RepHuffman
@RepGaramendi,California 3rd District,U.S. Representative,"Garamendi, John",D,RepGaramendi
@RepMcClintock,California 4th District,U.S. Representative,"McClintock, Tom",R,RepMcClintock
@RepThompson,California 5th District,U.S. Representative,"Thompson, Mike",D,RepThompson
@DorisMatsui,California 6th District,U.S. Representative,"Matsui, Doris O.",D,DorisMatsui
@RepBera,California 7th District,U.S. Representative,"Bera, Ami",D,RepBera
@RepPaulCook,California 8th District,U.S. Representative,"Cook, Paul",R,RepPaulCook
@RepMcNerney,California 9th District,U.S. Representative,"McNerney, Jerry",D,RepMcNerney
@RepJoshHarder,California 10th District,U.S. Representative,"Harder, Josh",D,RepJoshHarder
@RepDeSaulnier,California 11th District,U.S. Representative,"DeSaulnier, Mark",D,RepDeSaulnier
@SpeakerPelosi,California 12th District,U.S. Representative,"Pelosi, Nancy",D,SpeakerPelosi
@RepBarbaraLee,California 13th District,U.S. Representative,"Lee, Barbara",D,RepBarbaraLee
@RepSpeier,California 14th District,U.S. Representative,"Speier, Jackie",D,RepSpeier
@RepSwalwell,California 15th District,U.S. Representative,"Swalwell, Eric",D,RepSwalwell
@RepJimCosta,California 16th District,U.S. Representative,"Costa, Jim",D,RepJimCosta
@RoKhannaUSA,California 17th District,U.S. Representative,"Khanna, Ro",D,RoKhannaUSA
@RepAnnaEshoo,California 18th District,U.S. Representative,"Eshoo, Anna G.",D,RepAnnaEshoo
@RepZoeLofgren,California 19th District,U.S. Representative,"Lofgren, Zoe",D,RepZoeLofgren
@JimmyPanetta,California 20th District,U.S. Representative,"Panetta, Jimmy",D,JimmyPanetta
@RepTJCox,California 21st District,U.S. Representative,"Cox, TJ",D,RepTJCox
@DevinNunes,California 22nd District,U.S. Representative,"Nunes, Devin",R,DevinNunes
@GOPLeader,California 23rd District,U.S. Representative,"McCarthy, Kevin",R,GOPLeader
@CarbajalSalud,California 24th District,U.S. Representative,"Carbajal, Salud",D,CarbajalSalud
@MikeGarcia2020,California 25th District,U.S. Representative,"Garcia, Mike",R,MikeGarcia2020
@RepBrownley,California 26th District,U.S. Representative,"Brownley, Julia",D,RepBrownley
@RepJudyChu,California 27th District,U.S. Representative,"Chu, Judy",D,RepJudyChu
@RepAdamSchiff,California 28th District,U.S. Representative,"Schiff, Adam",D,RepAdamSchiff
@RepCardenas,California 29th District,U.S. Representative,"Cárdenas, Tony",D,RepCardenas
@BradSherman,California 30th District,U.S. Representative,"Sherman, Brad",D,BradSherman
@RepPeteAguilar,California 31st District,U.S. Representative,"Aguilar, Pete",D,RepPeteAguilar
@gracenapolitano,California 32nd District,U.S. Representative,"Napolitano, Grace",D,gracenapolitano
@RepTedLieu,California 33rd District,U.S. Representative,"Lieu, Ted",D,RepTedLieu
@RepJimmyGomez,California 34th District,U.S. Representative,"Gomez, Jimmy",D,RepJimmyGomez
@NormaJTorres,California 35th District,U.S. Representative,"Torres, Norma",D,NormaJTorres
@RepRaulRuizMD,California 36th District,U.S. Representative,"Ruiz, Raul",D,RepRaulRuizMD
@RepKarenBass,California 37th District,U.S. Representative,"Bass, Karen",D,RepKarenBass
@RepLindaSanchez,California 38th District,U.S. Representative,"Sánchez, Linda",D,RepLindaSanchez
@RepGilCisneros,California 39th District,U.S. Representative,"Cisneros, Gilbert Ray Jr.",D,RepGilCisneros
@RepRoybalAllard,California 40th District,U.S. Representative,"Roybal-Allard, Lucille",D,RepRoybalAllard
@RepMarkTakano,California 41st District,U.S. Representative,"Takano, Mark",D,RepMarkTakano
@KenCalvert,California 42nd District,U.S. Representative,"Calvert, Ken",R,KenCalvert
@MaxineWaters,California 43rd District,U.S. Representative,"Waters, Maxine",D,MaxineWaters
@Nanette4CA,California 44th District,U.S. Representative,"Barragan, Nanette",D,Nanette4CA
@RepKatiePorter,California 45th District,U.S. Representative,"Porter, Katie",D,RepKatiePorter
@RepLouCorrea,California 46th Division,U.S. Representative,"Correa, Lou",D,RepLouCorrea
@RepLowenthal,California 47th District,U.S. Representative,"Lowenthal, Alan",D,RepLowenthal
@RepHarley,California 48th District,U.S. Representative,"Rouda, Harley",D,RepHarley
@RepMikeLevin,California 49th District,U.S. Representative,"Levin, Mike",D,RepMikeLevin
,California 50th District,U.S. Representative,Vacant,,
@RepJuanVargas,California 51st District,U.S. Representative,"Vargas, Juan",D,RepJuanVargas
@RepScottPeters,California 52nd District,U.S. Representative,"Peters, Scott",D,RepScottPeters
@RepSusanDavis,California 53rd District,U.S. Representative,"Davis, Susan",D,RepSusanDavis
@MichaelBennet,Colorado,U.S. Senator,"Bennet, Michael",D,MichaelBennet
@SenCoryGardner,Colorado,U.S. Senator,"Gardner, Cory",R,SenCoryGardner
@RepDianaDeGette,Colorado 1st District,U.S. Representative,"DeGette, Diana",D,RepDianaDeGette
@RepJoeNeguse,Colorado 2nd District,U.S. Representative,"Neguse, Joe",R,RepJoeNeguse
@RepTipton,Colorado 3rd District,U.S. Representative,"Tipton, Scott",R,RepTipton
@RepKenBuck,Colorado 4th District,U.S. Representative,"Buck, Ken",R,RepKenBuck
@RepDLamborn,Colorado 5th District,U.S. Representative,"Lamborn, Doug",R,RepDLamborn
@RepJasonCrow,Colorado 6th District,U.S. Representative,"Crow, Jason",D,RepJasonCrow
@RepPerlmutter,Colorado 7th District,U.S. Representative,"Perlmutter, Ed",D,RepPerlmutter
@ChrisMurphyCT,Connecticut,U.S. Senator,"Murphy, Chris",D,ChrisMurphyCT
@SenBlumenthal,Connecticut,U.S. Senator,"Blumenthal, Richard",D,SenBlumenthal
@RepJohnLarson,Connecticut 1st District,U.S. Representative,"Larson, John B.",D,RepJohnLarson
@RepJoeCourtney,Connecticut 2nd District,U.S. Representative,"Courtney, Joe",D,RepJoeCourtney
@rosadelauro,Connecticut 3rd District,U.S. Representative,"DeLauro, Rosa L.",D,rosadelauro
@jahimes,Connecticut 4th District,U.S. Representative,"Himes, Jim",D,jahimes
@RepJahanaHayes,Connecticut 5th District,U.S. Representative,"Hayes, Jahana",D,RepJahanaHayes
@SenCoonsOffice,Delaware,U.S. Senator,"Coons, Chris",D,SenCoonsOffice
@SenatorCarper,Delaware,U.S. Senator,"Carper, Tom",D,SenatorCarper
@LisaBRochester,Delaware At-Large,U.S. Representative,"Blunt Rochester, Lisa",D,LisaBRochester
@EleanorNorton,District of Columbia At-Large,U.S. Representative,"Norton, Eleanor Holmes",D,EleanorNorton
@marcorubio,Florida,U.S. Senator,"Rubio, Marco",R,marcorubio
@ScottforFlorida,Florida,U.S. Senator,"Scott, Rick",R,ScottforFlorida
@MattGaetz,Florida 1st District,U.S. Representative,"Gaetz, Matt",R,MattGaetz
@DrNealDunnFL2,Florida 2nd District,U.S. Representative,"Dunn, Neal",R,DrNealDunnFL2
@RepTedYoho,Florida 3rd District,U.S. Representative,"Yoho, Ted",R,RepTedYoho
@JRutherfordFL,Florida 4th District,U.S. Representative,"Rutherford, John",R,JRutherfordFL
@AlLawsonJr,Florida 5th District,U.S. Representative,"Lawson, Al",D,AlLawsonJr
@RepMichaelWaltz,Florida 6th District,U.S. Representative,"Waltz, Michael",R,RepMichaelWaltz
@SMurphyCongress,Florida 7th District,U.S. Representative,"Murphy, Stephanie",D,SMurphyCongress
@congbillposey,Florida 8th District,U.S. Representative,"Posey, Bill",R,congbillposey
@RepDarrenSoto,Florida 9th District,U.S. Representative,"Soto, Darren",D,RepDarrenSoto
@Val_Demings,Florida 10th District,U.S. Representative,"Demings, Val",D,Val_Demings
@RepWebster,Florida 11th District,U.S. Representative,"Webster, Daniel",R,RepWebster
@RepGusBilirakis,Florida 12th District,U.S. Representative,"Bilirakis, Gus M.",R,RepGusBilirakis
@CharlieCrist,Florida 13th District,U.S. Representative,"Crist, Charlie",D,CharlieCrist
@USRepKCastor,Florida 14th District,U.S. Representative,"Castor, Kathy",D,USRepKCastor
@RepRossSpano,Florida 15th District,U.S. Representative,"Spano, Ross",R,RepRossSpano
@VernBuchanan,Florida 16th District,U.S. Representative,"Buchanan, Vern",R,VernBuchanan
@RepGregSteube,Florida 17th District,U.S. Representative,"Steube, W. Gregory",R,RepGregSteube
@BrianMastFL,Florida 18th District,U.S. Representative,"Mast, Brian",R,BrianMastFL
@FrancisRooney,Florida 19th District,U.S. Representative,"Rooney, Francis",R,FrancisRooney
@RepHastingsFL,Florida 20th District,U.S. Representative,"Hastings, Alcee L.",D,RepHastingsFL
@RepLoisFrankel,Florida 21st District,U.S. Representative,"Frankel, Lois",D,RepLoisFrankel
@RepTedDeutch,Florida 22nd District,U.S. Representative,"Deutch, Ted",D,RepTedDeutch
@RepDWStweets,Florida 23rd District,U.S. Representative,"Wasserman Schultz, Debbie",D,RepDWStweets
@RepWilson,Florida 24th District,U.S. Representative,"Wilson, Frederica",D,RepWilson
@MarioDB,Florida 25th District,U.S. Representative,"Diaz-Balart, Mario",R,MarioDB
@RepDMP,Florida 26th District,U.S. Representative,"Mucarsel-Powell, Debbie",D,RepDMP
@RepShalala,Florida 27th District,U.S. Representative,"Shalala, Donna E.",D,RepShalala
@sendavidperdue,Georgia,U.S. Senator,"Perdue, David",R,sendavidperdue
@SenatorLoeffler,Georgia,U.S. Senator,"Loeffler, Kelly",R,SenatorLoeffler
@RepBuddyCarter,Georgia 1st District,U.S. Representative,"Carter, Buddy",R,RepBuddyCarter
@SanfordBishop,Georgia 2nd District,U.S. Representative,"Bishop Jr., Sanford D.",D,SanfordBishop
@DrewFergusonGA,Georgia 3rd District,U.S. Representative,"Ferguson, Drew",R,DrewFergusonGA
@RepHankJohnson,Georgia 4th District,U.S. Representative,"Johnson, Henry C. “Hank” Jr.",D,RepHankJohnson
@repjohnlewis,Georgia 5th District,U.S. Representative,"Lewis, John",D,repjohnlewis
@RepLucyMcBath,Georgia 6th District,U.S. Representative,"McBath, Lucy",D,RepLucyMcBath
@RepRobWoodall,Georgia 7th District,U.S. Representative,"Woodall, Robert",R,RepRobWoodall
@AustinScottGA08,Georgia 8th District,U.S. Representative,"Scott, Austin",R,AustinScottGA08
@RepDougCollins,Georgia 9th District,U.S. Representative,"Collins, Doug",R,RepDougCollins
@CongressmanHice,Georgia 10th District,U.S. Representative,"Hice, Jody",R,CongressmanHice
@RepLoudermilk,Georgia 11th District,U.S. Representative,"Loudermilk, Barry",R,RepLoudermilk
@RepRickAllen,Georgia 12th District,U.S. Representative,"Allen, Rick",R,RepRickAllen
@repdavidscott,Georgia 13th District,U.S. Representative,"Scott, David",D,repdavidscott
@RepTomGraves,Georgia 14th District,U.S. Representative,"Graves, Tom",R,RepTomGraves
@GuamCongressman,Guam At-Large,U.S. Representative,"San Nicolas, Michael F.Q.",D,GuamCongressman
@SenBrianSchatz,Hawaii,U.S. Senator,"Schatz, Brian",D,SenBrianSchatz
@maziehirono,Hawaii,U.S. Senator,"Hirono, Mazie",D,maziehirono
@RepEdCase,Hawaii 1st District,U.S. Representative,"Case, Ed",D,RepEdCase
@TulsiPress,Hawaii 2nd District,U.S. Representative,"Gabbard, Tulsi",D,TulsiPress
@SenatorRisch,Idaho,U.S. Senator,"Risch, Jim",R,SenatorRisch
@MikeCrapo,Idaho,U.S. Senator,"Crapo, Mike",R,MikeCrapo
@RepRussFulcher,Idaho 1st District,U.S. Representative,"Fulcher, Russ",R,RepRussFulcher
@CongMikeSimpson,Idaho 2nd District,U.S. Representative,"Simpson, Mike",R,CongMikeSimpson
@SenDuckworth,Illinois,U.S. Senator,Tammy Duckwort,D,SenDuckworth
@SenatorDurbin,Illinois,U.S. Senator,"Durbin, Richard",D,SenatorDurbin
@RepBobbyRush,Illinois 1st District,U.S. Representative,"Rush, Bobby L.",D,RepBobbyRush
@RepRobinKelly,Illinois 2nd District,U.S. Representative,"Kelly, Robin",D,RepRobinKelly
@RepLipinski,Illinois 3rd District,U.S. Representative,"Lipinski, Daniel",D,RepLipinski
@RepChuyGarcia,Illinois 4th District,U.S. Representative,"Garcia, Jesus “Chuy”",D,RepChuyGarcia
@RepMikeQuigley,Illinois 5th District,U.S. Representative,"Quigley, Mike",D,RepMikeQuigley
@RepCasten,Illinois 6th District,U.S. Representative,"Casten, Sean",D,RepCasten
@RepDannyDavis,Illinois 7th District,U.S. Representative,"Davis, Danny K.",D,RepDannyDavis
@RajaForCongress,Illinois 8th District,U.S. Representative,"Krishnamoorthi, Raja",D,RajaForCongress
@janschakowsky,Illinois 9th District,U.S. Representative,"Schakowsky, Jan",D,janschakowsky
@RepSchneider,Illinois 10th District,U.S. Representative,"Schneider, Bradley",D,RepSchneider
@RepBillFoster,Illinois 11th District,U.S. Representative,"Foster, Bill",D,RepBillFoster
@RepBost,Illinois 12th District,U.S. Representative,"Bost, Mike",R,RepBost
@RodneyDavis,Illinois 13th District,U.S. Representative,"Davis, Rodney",R,RodneyDavis
@RepUnderwood,Illinois 14th District,U.S. Representative,"Underwood, Lauren",D,RepUnderwood
@RepShimkus,Illinois 15th District,U.S. Representative,"Shimkus, John",R,RepShimkus
@RepKinzinger,Illinois 16th District,U.S. Representative,"Kinzinger, Adam",R,RepKinzinger
@RepCheri,Illinois 17th District,U.S. Representative,"Bustos, Cheri",D,RepCheri
@ElectLaHood,Illinois 18th District,U.S. Representative,"LaHood,Darin",R,ElectLaHood
@Braun4Indiana,Indiana,U.S. Senator,"Braun, Mike",R,Braun4Indiana
@SenToddYoung,Indiana,U.S. Senator,"Young, Todd",R,SenToddYoung
@RepVisclosky,Indiana 1st District,U.S. Representative,"Visclosky, Peter",D,RepVisclosky
@RepWalorski,Indiana 2nd District,U.S. Representative,"Walorski, Jackie",R,RepWalorski
@Jim_Banks,Indiana 3rd District,U.S. Representative,"Banks, Jim",R,Jim_Banks
@RepJimBaird,Indiana 4th District,U.S. Representative,"Baird, James",R,RepJimBaird
@SusanWBrooks,Indiana 5th District,U.S. Representative,"Brooks, Susan W.",R,SusanWBrooks
@RepGregPence,Indiana 6th District,U.S. Representative,"Pence, Greg",R,RepGregPence
@RepAndreCarson,Indiana 7th District,U.S. Representative,"Carson, André",D,RepAndreCarson
@RepLarryBucshon,Indiana 8th District,U.S. Representative,"Bucshon, Larry",R,RepLarryBucshon
@VoteForTrey,Indiana 9th District,U.S. Representative,"Hollingsworth, Trey",R,VoteForTrey
@ChuckGrassley,Iowa,U.S. Senator,"Grassley, Chuck",R,ChuckGrassley
@SenJoniErnst,Iowa,U.S. Senator,Joni Ernst,R,SenJoniErnst
@RepFinkenauer,Iowa 1st District,U.S. Representative,"Finkenauer, Abby",D,RepFinkenauer
@daveloebsack,Iowa 2nd District,U.S. Representative,"Loebsack, David",D,daveloebsack
@RepCindyAxne,Iowa 3rd District,U.S. Representative,"Axne, Cynthia",D,RepCindyAxne
@SteveKingIA,Iowa 4th District,U.S. Representative,"King, Steve",R,SteveKingIA
@SenPatRoberts,Kansas,U.S. Senator,"Roberts, Pat",R,SenPatRoberts
@JerryMoran,Kansas,U.S. Senator,"Moran, Jerry",R,JerryMoran
@RogerMarshallMD,Kansas 1st District,U.S. Representative,"Marshall, Roger",R,RogerMarshallMD
@Rep_Watkins,Kansas 2nd District,U.S. Representative,"Watkins, Steve",R,Rep_Watkins
@RepDavids,Kansas 3rd District,U.S. Representative,"Davids, Sharice",D,RepDavids
@RepRonEstes,Kansas 4th District,U.S. Representative,"Estes, Ron",R,RepRonEstes
@RandPaul,Kentucky,U.S. Senator,"Paul, Rand",R,RandPaul
@McConnellPress,Kentucky,U.S. Senator,"McConnell, Mitch",R,McConnellPress
@JamesComer,Kentucky 1st District,U.S. Representative,"Comer, James",R,JamesComer
@RepGuthrie,Kentucky 2nd District,U.S. Representative,"Guthrie, S. Brett",R,RepGuthrie
@RepJohnYarmuth,Kentucky 3rd District,U.S. Representative,"Yarmuth, John A.",D,RepJohnYarmuth
@RepThomasMassie,Kentucky 4th District,U.S. Representative,"Massie, Thomas",R,RepThomasMassie
@RepHalRogers,Kentucky 5th District,U.S. Representative,"Rogers, Harold",R,RepHalRogers
@RepAndyBarr,Kentucky 6th District,U.S. Representative,"Barr, Andy",R,RepAndyBarr
@JohnKennedyLA,Louisiana,U.S. Senator,"Kennedy, John",R,JohnKennedyLA
@BillCassidy,Louisiana,U.S. Senator,"Cassidy, Bill",R,BillCassidy
@SteveScalise,Louisiana 1st District,U.S. Representative,"Scalise, Steve",R,SteveScalise
@RepRichmond,Louisiana 2nd District,U.S. Representative,"Richmond, Cedric",D,RepRichmond
@CaptClayHIggins,Louisiana 3rd District,U.S. Representative,"Higgins, Clay",R,CaptClayHIggins
@RepMikeJohnson,Louisiana 4th District,U.S. Representative,"Johnson, Mike",R,RepMikeJohnson
@RepAbraham,Louisiana 5th District,U.S. Representative,"Abraham, Ralph",R,RepAbraham
@RepGarretGraves,Louisiana 6th District,U.S. Representative,"Graves, Garret",R,RepGarretGraves
@SenAngusKing,Maine,U.S. Senator,Angus King,I,SenAngusKing
@SenatorCollins,Maine,U.S. Senator,"Collins, Susan",R,SenatorCollins
@chelliepingree,Maine 1st District,U.S. Representative,"Pingree, Chellie",D,chelliepingree
@RepGolden,Maine 2nd District,U.S. Representative,"Golden, Jared",D,RepGolden
@ChrisVanHollen,Maryland,U.S. Senator,"Van Hollen, Chris",D,ChrisVanHollen
@SenatorCardin,Maryland,U.S. Senator,"Cardin, Benjamin",D,SenatorCardin
@RepAndyHarrisMD,Maryland 1st District,U.S. Representative,"Harris, Andy",R,RepAndyHarrisMD
@Call_Me_Dutch,Maryland 2nd District,U.S. Representative,"Ruppersberger, C. A. Dutch",D,Call_Me_Dutch
@RepSarbanes,Maryland 3rd District,U.S. Representative,"Sarbanes, John P.",D,RepSarbanes
@RepAnthonyBrown,Maryland 4th District,U.S. Representative,"Brown, Anthony",D,RepAnthonyBrown
@LeaderHoyer,Maryland 5th District,U.S. Representative,"Hoyer, Steny H.",D,LeaderHoyer
@RepDavidTrone,Maryland 6th District,U.S. Representative,"Trone, David",D,RepDavidTrone
@Mfume4Congress,Maryland 7th District,U.S. Representative,"Mfume, Kweisi",D,Mfume4Congress
@Jamie_Raskin,Maryland 8th District,U.S. Representative,"Raskin, Jamie",D,Jamie_Raskin
@SenWarren,Massachusetts,U.S. Senator,"Warren, Elizabeth",D,SenWarren
@SenMarkey,Massachusetts,U.S. Senator,"Markey, Edward",D,SenMarkey
@RepRichardNeal,Massachusetts 1st District,U.S. Representative,"Neal, Richard E.",D,RepRichardNeal
@RepMcGovern,Massachusetts 2nd District,U.S. Representative,"McGovern, James",D,RepMcGovern
@RepLoriTrahan,Massachusetts 3rd District,U.S. Representative,"Trahan, Lori",D,RepLoriTrahan
@RepJoeKennedy,Massachusetts 4th District,U.S. Representative,"Kennedy III, Joseph P.",D,RepJoeKennedy
@RepKClark,Massachusetts 5th District,U.S. Representative,"Clark, Katherine",D,RepKClark
@teammoulton,Massachusetts 6th District,U.S. Representative,"Moulton, Seth",D,teammoulton
@RepPressley,Massachusetts 7th District,U.S. Representative,"Pressley, Ayanna",D,RepPressley
@RepStephenLynch,Massachusetts 8th District,U.S. Representative,"Lynch, Stephen F.",D,RepStephenLynch
@USRepKeating,Massachusetts 9th District,U.S. Representative,"Keating, William",D,USRepKeating
@SenStabenow,Michigan,U.S. Senator,"Stabenow, Debbie",D,SenStabenow
@SenGaryPeters,Michigan,U.S. Senator,"Peters, Gary",D,SenGaryPeters
@JackBergman_MI1,Michigan 1st District,U.S. Representative,"Bergman, Jack",R,JackBergman_MI1
@RepHuizenga,Michigan 2nd District,U.S. Representative,"Huizenga, Bill",R,RepHuizenga
@justinamash,Michigan 3rd District,U.S. Representative,"Amash, Justin",L,justinamash
@RepMoolenaar,Michigan 4th District,U.S. Representative,"Moolenaar, John",R,RepMoolenaar
@RepDanKildee,Michigan 5th District,U.S. Representative,"Kildee, Daniel",D,RepDanKildee
@RepFredUpton,Michigan 6th District,U.S. Representative,"Upton, Fred",R,RepFredUpton
@RepWalberg,Michigan 7th District,U.S. Representative,"Walberg, Tim",R,RepWalberg
@RepSlotkin,Michigan 8th District,U.S. Representative,"Slotkin, Elissa",D,RepSlotkin
@RepAndyLevin,Michigan 9th District,U.S. Representative,"Levin, Andy",D,RepAndyLevin
@PaulMitchell4us,Michigan 10th District,U.S. Representative,"Mitchell, Paul",R,PaulMitchell4us
@RepHaleyStevens,Michigan 11th District,U.S. Representative,"Stevens, Haley",D,RepHaleyStevens
@RepDebDingell,Michigan 12th District,U.S. Representative,"Dingell, Debbie",D,RepDebDingell
@RepRashida,Michigan 13th District,U.S. Representative,"Tlaib, Rashida",D,RepRashida
@RepLawrence,Michigan 14th District,U.S. Representative,"Lawrence, Brenda",D,RepLawrence
@amyklobuchar,Minnesota,U.S. Senator,"Klobuchar, Amy",D,amyklobuchar
@SenTinaSmith,Minnesota,U.S. Senator,"Smith, Tina",D,SenTinaSmith
@RepHagedorn,Minnesota 1st District,U.S. Representative,"Hagedorn, Jim",R,RepHagedorn
@RepAngieCraig,Minnesota 2nd District,U.S. Representative,"Craig, Angie",D,RepAngieCraig
@RepDeanPhillips,Minnesota 3rd District,U.S. Representative,"Phillips, Dean",D,RepDeanPhillips
@BettyMcCollum04,Minnesota 4th District,U.S. Representative,"McCollum, Betty",D,BettyMcCollum04
@IlhanMN,Minnesota 5th District,U.S. Representative,"Omar, Ilhan",D,IlhanMN
@RepTomEmmer,Minnesota 6th District,U.S. Representative,"Emmer, Tom",R,RepTomEmmer
@collinpeterson,Minnesota 7th District,U.S. Representative,"Peterson, Collin C.",D,collinpeterson
@RepPeteStauber,Minnesota 8th District,U.S. Representative,"Stauber, Pete",R,RepPeteStauber
@SenatorWicker,Mississippi,U.S. Senator,"Wicker, Roger",R,SenatorWicker
@SenHydeSmith,Mississippi,U.S. Senator,"Hyde-Smith, Cindy",R,SenHydeSmith
@RepTrentKelly,Mississippi 1st District,U.S. Representative,"Kelly, Trent",R,RepTrentKelly
@BennieGThompson,Mississippi 2nd District,U.S. Representative,"Thompson, Bennie G.",D,BennieGThompson
@RepMichaelGuest,Mississippi 3rd District,U.S. Representative,"Guest, Michael",R,RepMichaelGuest
@CongPalazzo,Mississippi 4th District,U.S. Representative,"Palazzo, Steven",R,CongPalazzo
@HawleyMO,Missouri,U.S. Senator,"Hawley, Josh",R,HawleyMO
@RoyBlunt,Missouri,U.S. Senator,"Blunt, Roy",R,RoyBlunt
@LacyClayMO1,Missouri 1st District,U.S. Representative,"Clay Jr., William “Lacy”",D,LacyClayMO1
@RepAnnWagner,Missouri 2nd District,U.S. Representative,"Wagner, Ann",R,RepAnnWagner
@RepBlaine,Missouri 3rd District,U.S. Representative,"Luetkemeyer, Blaine",R,RepBlaine
@RepHartzler,Missouri 4th District,U.S. Representative,"Hartzler, Vicky",R,RepHartzler
@repcleaver,Missouri 5th District,U.S. Representative,"Cleaver, Emanuel",D,repcleaver
@RepSamGraves,Missouri 6th District,U.S. Representative,"Graves, Sam",R,RepSamGraves
@USRepLong,Missouri 7th District,U.S. Representative,"Long, Billy",R,USRepLong
@RepJasonSmith,Missouri 8th District,U.S. Representative,"Smith, Jason",R,RepJasonSmith
@SenatorTester,Montana,U.S. Senator,"Tester, Jon",D,SenatorTester
@SteveDaines,Montana,U.S. Senator,"Daines, Steve",R,SteveDaines
@GregForMontana,Montana At-Large,U.S. Representative,"Gianforte, Greg",R,GregForMontana
@SenSasse,Nebraska,U.S. Senator,"Sasse, Ben",R,SenSasse
@SenatorFischer,Nebraska,U.S. Senator,"Fischer, Deb",R,SenatorFischer
@JeffFortenberry,Nebraska 1st District,U.S. Representative,"Fortenberry, Jeff",R,JeffFortenberry
@RepDonBacon,Nebraska 2nd District,U.S. Representative,"Bacon, Don",R,RepDonBacon
@RepAdrianSmith,Nebraska 3rd District,U.S. Representative,"Smith, Adrian",R,RepAdrianSmith
@SenJackyRosen,Nevada,U.S. Senator,"Rosen, Jacky",D,SenJackyRosen
@CatherineForNV,Nevada,U.S. Senator,"Cortez Mastro, Catherine",D,CatherineForNV
@repdinatitus,Nevada 1st District,U.S. Representative,"Titus, Dina",D,repdinatitus
@MarkAmodeiNV2,Nevada 2nd District,U.S. Representative,"Amodei, Mark",R,MarkAmodeiNV2
@RepSusieLee,Nevada 3rd District,U.S. Representative,"Lee, Susie",D,RepSusieLee
@RepHorsford,Nevada 4th District,U.S. Representative,"Horsford, Steven",D,RepHorsford
@SenatorShaheen,New Hampshire,U.S. Senator,"Shaheen, Jeanne",D,SenatorShaheen
@Maggie_Hassan,New Hampshire,U.S. Senator,"Hassan, Maggie",D,Maggie_Hassan
@RepChrisPappas,New Hampshire 1st District,U.S. Representative,"Pappas, Chris",D,RepChrisPappas
@RepAnnieKuster,New Hampshire 2nd District,U.S. Representative,"Kuster, Ann",D,RepAnnieKuster
@SenatorMenendez,New Jersey,U.S. Senator,"Menendez, Robert",D,SenatorMenendez
@CoryBooker,New Jersey,U.S. Senator,"Booker, Cory",D,CoryBooker
@DonNorcross4NJ,New Jersey 1st District,U.S. Representative,"Norcross, Donald",D,DonNorcross4NJ
@JeffVanDrew,New Jersey 2nd District,U.S. Representative,"Van Drew, Jefferson",D,JeffVanDrew
@RepAndyKimNJ,New Jersey 3rd District,U.S. Representative,"Kim, Andy",D,RepAndyKimNJ
@RepChrisSmith,New Jersey 4th District,U.S. Representative,"Smith, Chris",R,RepChrisSmith
@JoshGottheimer,New Jersey 5th District,U.S. Representative,"Gottheimer, Josh",D,JoshGottheimer
@FrankPallone,New Jersey 6th District,U.S. Representative,"Pallone Jr., Frank",D,FrankPallone
@RepMalinowski,New Jersey 7th District,U.S. Representative,"Malinowski, Tom",D,RepMalinowski
@RepSires,New Jersey 8th District,U.S. Representative,"Sires, Albio",D,RepSires
@BillPascrell,New Jersey 9th District,U.S. Representative,"Pascrell Jr., Bill",D,BillPascrell
@RepDonaldPayne,New Jersey 10th District,U.S. Representative,"Payne Jr., Donald",D,RepDonaldPayne
@RepSherrill,New Jersey 11th District,U.S. Representative,"Sherrill, Mikie",D,RepSherrill
@RepBonnie,New Jersey 12th District,U.S. Representative,"Watson Coleman, Bonnie",D,RepBonnie
@SenatorTomUdall,New Mexico,U.S. Senator,"Udall, Tom",D,SenatorTomUdall
@MartinHeinrich,New Mexico,U.S. Senator,"Heinrich, Martin",D,MartinHeinrich
@RepDebHaaland,New Mexico 1st District,U.S. Representative,"Haaland, Debra",D,RepDebHaaland
@RepTorresSmall,New Mexico 2nd District,U.S. Representative,"Torres Small, Xochiti",D,RepTorresSmall
@repbenraylujan,New Mexico 3rd District,U.S. Representative,"Lujan, Ben R.",D,repbenraylujan
@SenSchumer,New York,U.S. Senator,"Schumer, Chuck",D,SenSchumer
@SenGillibrand,New York,U.S. Senator,"Gillibrand, Kirsten",D,SenGillibrand
@RepLeeZeldin,New York 1st District,U.S. Representative,"Zeldin, Lee",R,RepLeeZeldin
@RepPeteKing,New York 2nd District,U.S. Representative,"King, Pete",R,RepPeteKing
@Tom_Suozzi,New York 3rd District,U.S. Representative,"Suozzi, Tom",D,Tom_Suozzi
@RepKathleenRice,New York 4th District,U.S. Representative,"Rice, Kathleen",D,RepKathleenRice
@RepGregoryMeeks,New York 5th District,U.S. Representative,"Meeks, Gregory W.",D,RepGregoryMeeks
@RepGraceMeng,New York 6th District,U.S. Representative,"Meng, Grace",D,RepGraceMeng
@NydiaVelazquez,New York 7th District,U.S. Representative,"Velázquez, Nydia M.",D,NydiaVelazquez
@RepJeffries,New York 8th District,U.S. Representative,"Jeffries, Hakeem",D,RepJeffries
@RepYvetteClarke,New York 9th District,U.S. Representative,"Clarke, Yvette D.",D,RepYvetteClarke
@RepJerryNadler,New York 10th District,U.S. Representative,"Nadler, Jerrold",D,RepJerryNadler
@RepMaxRose,New York 11th District,U.S. Representative,"Rose, Max",D,RepMaxRose
@RepMaloney,New York 12th District,U.S. Representative,"Maloney, Carolyn",D,RepMaloney
@EspaillatNY,New York 13th District,U.S. Representative,"Espaillat, Adriano",D,EspaillatNY
@RepAOC,New York 14th District,U.S. Representative,"Ocasio-Cortez, Alexandria",D,RepAOC
@RepJoseSerrano,New York 15th District,U.S. Representative,"Serrano, José E.",D,RepJoseSerrano
@RepEliotEngel,New York 16th District,U.S. Representative,"Engel, Eliot",D,RepEliotEngel
@NitaLowey,New York 17th District,U.S. Representative,"Lowey, Nita",D,NitaLowey
@RepSeanMaloney,New York 18th District,U.S. Representative,"Maloney, Sean Patrick",D,RepSeanMaloney
@RepDelgado,New York 19th District,U.S. Representative,"Delgado, Antonio",D,RepDelgado
@RepPaulTonko,New York 20th District,U.S. Representative,"Tonko, Paul D.",D,RepPaulTonko
@RepStefanik,New York 21st District,U.S. Representative,"Stefanik, Elise",R,RepStefanik
@RepBrindisi,New York 22nd District,U.S. Representative,"Brindisi, Anthony",D,RepBrindisi
@RepTomReed,New York 23rd District,U.S. Representative,"Reed, Tom",R,RepTomReed
@RepJohnKatko,New York 24th District,U.S. Representative,"Katko, John",R,RepJohnKatko
@RepJoeMorelle,New York 25th District,U.S. Representative,"Morelle, Joseph",D,RepJoeMorelle
@RepBrianHiggins,New York 26th District,U.S. Representative,"Higgins, Brian",D,RepBrianHiggins
@SenThomTillis,North Carolina,U.S. Senator,"Tillis, Thom",R,SenThomTillis
@SenatorBurr,North Carolina,U.S. Senator,"Burr, Richard",R,SenatorBurr
@GKButterfield,North Carolina 1st District,U.S. Representative,"Butterfield, G.K.",D,GKButterfield
@GeorgeHolding,North Carolina 2nd District,U.S. Representative,"Holding, George",R,GeorgeHolding
@RepGregMurphy,North Carolina 3rd District,U.S. Representative,"Murphy, Greg",R,RepGregMurphy
@RepDavidEPrice,North Carolina 4th District,U.S. Representative,"Price, David",D,RepDavidEPrice
@virginiafoxx,North Carolina 5th District,U.S. Representative,"Foxx, Virginia",R,virginiafoxx
@RepMarkWalker,North Carolina 6th District,U.S. Representative,"Walker, Mark",R,RepMarkWalker
@RepDavidRouzer,North Carolina 7th District,U.S. Representative,"Rouzer, David",R,RepDavidRouzer
@RepRichHudson,North Carolina 8th District,U.S. Representative,"Hudson, Richard",R,RepRichHudson
@jdanbishop,North Carolina 9th District,U.S. Representative,"Bishop, Dan",R,jdanbishop
@PatrickMcHenry,North Carolina 10th District,U.S. Representative,"McHenry, Patrick T.",R,PatrickMcHenry
@RepAdams,North Carolina 12th District,U.S. Representative,"Adams, Alma",D,RepAdams
@BuddforCongress,North Carolina 13th District,U.S. Representative,"Budd, Ted",R,BuddforCongress
@SenJohnHoeven,North Dakota,U.S. Senator,"Hoeven, John",R,SenJohnHoeven
@SenKevinCramer,North Dakota,U.S. Senator,"Cramer, Kevin",R,SenKevinCramer
@RepArmstrongND,North Dakota At-Large,U.S. Representative,"Armstrong, Kelly",R,RepArmstrongND
@Kilili_Sablan,Northern Mariana Islands At-Large,U.S. Representative,"Sablan, Gregorio",D,Kilili_Sablan
@senrobportman,Ohio,U.S. Senator,"Portman, Rob",R,senrobportman
@SenSherrodBrown,Ohio,U.S. Senator,"Brown, Sherrod",D,SenSherrodBrown
@RepSteveChabot,Ohio 1st District,U.S. Representative,"Chabot, Steve",R,RepSteveChabot
@RepBradWenstrup,Ohio 2nd District,U.S. Representative,"Wenstrup, Brad",R,RepBradWenstrup
@RepBeatty,Ohio 3rd District,U.S. Representative,"Beatty, Joyce",D,RepBeatty
@Jim_Jordan,Ohio 4th District,U.S. Representative,"Jordan, Jim",R,Jim_Jordan
@boblatta,Ohio 5th District,U.S. Representative,"Latta, Robert E.",R,boblatta
@RepBillJohnson,Ohio 6th District,U.S. Representative,"Johnson, Bill",R,RepBillJohnson
@RepBobGibbs,Ohio 7th District,U.S. Representative,"Gibbs, Bob",R,RepBobGibbs
@WarrenDavidson,Ohio 8th District,U.S. Representative,"Davidson, Warren",R,WarrenDavidson
@RepMarcyKaptur,Ohio 9th District,U.S. Representative,"Kaptur, Marcy",D,RepMarcyKaptur
@RepMikeTurner,Ohio 10th District,U.S. Representative,"Turner, Michael",R,RepMikeTurner
@RepMarciaFudge,Ohio 11th District,U.S. Representative,"Fudge, Marcia L.",D,RepMarciaFudge
@RepBalderson,Ohio 12th District,U.S. Representative,"Balderson, Troy",R,RepBalderson
@RepTimRyan,Ohio 13th District,U.S. Representative,"Ryan, Tim",D,RepTimRyan
@RepDaveJoyce,Ohio 14th District,U.S. Representative,"Joyce, David",R,RepDaveJoyce
@RepSteveStivers,Ohio 15th District,U.S. Representative,"Stivers, Steve",R,RepSteveStivers
@RepAGonzalez,Ohio 16th District,U.S. Representative,"Gonzalez, Anthony",R,RepAGonzalez
@SenatorLankford,Oklahoma,U.S. Senator,"Lankford, James",R,SenatorLankford
@InhofePress,Oklahoma,U.S. Senator,"Inhofe, Jim",R,InhofePress
@RepKevinHern,Oklahoma 1st District,U.S. Representative,"Hern, Kevin",R,RepKevinHern
@RepMullin,Oklahoma 2nd District,U.S. Representative,"Mullin, Markwayne",R,RepMullin
@RepFrankLucas,Oklahoma 3rd District,U.S. Representative,"Lucas, Frank",R,RepFrankLucas
@TomColeOK04,Oklahoma 4th District,U.S. Representative,"Cole, Tom",R,TomColeOK04
@RepKendraHorn,Oklahoma 5th District,U.S. Representative,"Horn, Kendra",D,RepKendraHorn
@RonWyden,Oregon,U.S. Senator,"Wyden, Ron",D,RonWyden
@SenJeffMerkley,Oregon,U.S. Senator,"Merkley, Jeff",D,SenJeffMerkley
@RepBonamici,Oregon 1st District,U.S. Representative,"Bonamici, Suzanne",D,RepBonamici
@repgregwalden,Oregon 2nd District,U.S. Representative,"Walden, Greg",R,repgregwalden
@repblumenauer,Oregon 3rd District,U.S. Representative,"Blumenauer, Earl",D,repblumenauer
@RepPeterDeFazio,Oregon 4th District,U.S. Representative,"DeFazio, Peter",D,RepPeterDeFazio
@RepSchrader,Oregon 5th District,U.S. Representative,"Schrader, Kurt",D,RepSchrader
@Jenniffer2012,Puerto Rico At-Large,U.S. Representative,"Gonzalez-Colon, Jenniffer",R,Jenniffer2012
@SenToomey,Pennsylvania,U.S. Senator,"Toomey, Patrick",R,SenToomey
@SenBobCasey,Pennsylvania,U.S. Senator,"Casey, Bob Jr.",D,SenBobCasey
@RepBrianFitz,Pennsylvania 1st District,U.S. Representative,"Fitzpatrick, Brady",R,RepBrianFitz
@CongBoyle,Pennsylvania 2nd District,U.S. Representative,"Boyle, Brendan",D,CongBoyle
@RepDwightEvans,Pennsylvania 3rd District,U.S. Representative,"Evans, Dwight",D,RepDwightEvans
@RepDean,Pennsylvania 4th District,U.S. Representative,"Dean, Madeleine",D,RepDean
@RepMGS,Pennsylvania 5th District,U.S. Representative,"Scanlon, Mary-Gay",D,RepMGS
@RepHoulahan,Pennsylvania 6th District,U.S. Representative,"Houlahan, Chrissy",D,RepHoulahan
@RepSusanWild,Pennsylvania 7th District,U.S. Representative,"Wild, Susan",D,RepSusanWild
@RepCartwright,Pennsylvania 8th District,U.S. Representative,"Cartwright, Matt",D,RepCartwright
@RepMeuser,Pennsylvania 9th District,U.S. Representative,"Meuser, Daniel",R,RepMeuser
@RepScottPerry,Pennsylvania 10th District,U.S. Representative,"Perry, Scott",R,RepScottPerry
@RepFredKelle,Pennsylvania 12th District,U.S. Representative,"Keller, Fred",R,RepFredKeller
@RepJohnJoyce,Pennsylvania 13th District,U.S. Representative,"Joyce, John",R,RepJohnJoyce
@GReschenthaler,Pennsylvania 14th District,U.S. Representative,"Reschenthaler, Guy",R,GReschenthaler
@CongressmanGT,Pennsylvania 15th District,U.S. Representative,"Thompson, Glenn",R,CongressmanGT
@MikeKellyforPA,Pennsylvania 16th District,U.S. Representative,"Kelly, Mike",R,MikeKellyforPA
@RepConorLamb,Pennsylvania 17th District,U.S. Representative,"Lamb, Conor",D,RepConorLamb
@USRepMikeDoyle,Pennsylvania 18th District,U.S. Representative,"Doyle, Michael",D,USRepMikeDoyle
@SenWhitehouse,Rhode Island,U.S. Senator,"Whitehouse, Sheldon",D,SenWhitehouse
@SenJackReed,Rhode Island,U.S. Senator,"Reed, Jack",D,SenJackReed
@RepCicilline,Rhode Island 1st District,U.S. Representative,"Cicilline, David",D,RepCicilline
@jimlangevin,Rhode Island 2nd District,U.S. Representative,"Langevin, Jim",D,jimlangevin
@SenatorTimScott,South Carolina,U.S. Senator,"Scott, Tim",R,SenatorTimScott
@LindsayGrahamSC,South Carolina,U.S. Senator,"Graham, Lindsey",R,LindsayGrahamSC
@RepCunningham,South Carolina 1st District,U.S. Representative,"Cunningham, Joe",D,RepCunningham
@RepJoeWilson,South Carolina 2nd District,U.S. Representative,"Wilson, Joe",R,RepJoeWilson
@RepJeffDuncan,South Carolina 3rd District,U.S. Representative,"Duncan, Jeff",R,RepJeffDuncan
@RepTimmons,South Carolina 4th District,U.S. Representative,"Timmons, William",R,RepTimmons
@RepRalphNorman,South Carolina 5th District,U.S. Representative,"Norman, Ralph",R,RepRalphNorman
@WhipClyburn,South Carolina 6th District,U.S. Representative,"Clyburn, James E.",D,WhipClyburn
@RepTomRice,South Carolina 7th District,U.S. Representative,"Rice, Tom",R,RepTomRice
@SenJohnThune,South Dakota,U.S. Senator,"Thune, John",R,SenJohnThune
@SenatorRounds,South Dakota,U.S. Senator,"Rounds, Mike",R,SenatorRounds
@RepDustyJohnson,South Dakota At-Large,U.S. Representative,"Johnson, Dusty",R,RepDustyJohnson
@MarshaBlackburn,Tennessee,U.S. Senator,"Blackburn, Marsha",R,MarshaBlackburn
@SenAlexander,Tennessee,U.S. Senator,"Alexander, Lamar",R,SenAlexander
@DrPhilRoe,Tennessee 1st District,U.S. Representative,"Roe, Phil",R,DrPhilRoe
@RepTimBurchett,Tennessee 2nd District,U.S. Representative,"Burchett, Tim",R,RepTimBurchett
@RepChuck,Tennessee 3rd District,U.S. Representative,"Fleischmann, Chuck",R,RepChuck
@DesJarlaisTN04,Tennessee 4th District,U.S. Representative,"DesJarlais, Scott",R,DesJarlaisTN04
@repjimcooper,Tennessee 5th District,U.S. Representative,"Cooper, Jim",D,repjimcooper
@RepJohnRose,Tennessee 6th District,U.S. Representative,"Rose, John W.",R,RepJohnRose
@RepMarkGreen,Tennessee 7th District,U.S. Representative,"Green, Mark",R,RepMarkGreen
@DavidKustoff,Tennessee 8th District,U.S. Representative,"Kustoff, David",R,DavidKustoff
@RepCohen,Tennessee 9th District,U.S. Representative,"Cohen, Steve",D,RepCohen
@SenTedCruz,Texas,U.S. Senator,"Cruz, Ted",R,SenTedCruz
@JohnCornyn,Texas,U.S. Senator,"Cornyn, John",R,JohnCornyn
@replouiegohmert,Texas 1st District,U.S. Representative,"Gohmert, Louie",R,replouiegohmert
@RepDanCrenshaw,Texas 2nd District,U.S. Representative,"Crenshaw, Dan",R,RepDanCrenshaw
@RepVanTaylor,Texas 3rd District,U.S. Representative,"Taylor, Van",R,RepVanTaylor
@Lancegooden,Texas 5th District,U.S. Representative,"Gooden, Lance",R,Lancegooden
@RepRonWright,Texas 6th District,U.S. Representative,"Wright, Ron",R,RepRonWright
@RepFletcher,Texas 7th District,U.S. Representative,"Fletcher, Lizzie",D,RepFletcher
@RepKevinBrady,Texas 8th District,U.S. Representative,"Brady, Kevin",R,RepKevinBrady
@RepAlGreen,Texas 9th District,U.S. Representative,"Green, Al",D,RepAlGreen
@RepMcCaul,Texas 10th District,U.S. Representative,"McCaul, Michael T.",R,RepMcCaul
@ConawayTX11,Texas 11th District,U.S. Representative,"Conaway, K. Michael",R,ConawayTX11
@RepKayGranger,Texas 12th District,U.S. Representative,"Granger, Kay",R,RepKayGranger
@MacTXPress,Texas 13th District,U.S. Representative,"Thornberry, Mac",R,MacTXPress
@TXRandy14,Texas 14th District,U.S. Representative,"Weber, Randy",R,TXRandy14
@RepGonzalez,Texas 15th District,U.S. Representative,"Gonzalez, Vincente",D,RepGonzalez
@RepEscobar,Texas 16th District,U.S. Representative,"Escobar, Veronica ",D,RepEscobar
@RepBillFlores,Texas 17th District,U.S. Representative,"Flores, Bill",R,RepBillFlores
@JacksonLeeTX18,Texas 18th District,U.S. Representative,"Jackson Lee, Sheila",D,JacksonLeeTX18
@JodeyArrington,Texas 19th District,U.S. Representative,"Arrington, Jodey",R,JodeyArrington
@JoaquinCastrotx,Texas 20th District,U.S. Representative,"Castro, Joaquin",D,JoaquinCastrotx
@RepChipRoy,Texas 21st District,U.S. Representative,"Roy, Chip",R,RepChipRoy
@PeteOlson,Texas 22nd District,U.S. Representative,"Olson, Pete",R,PeteOlson
@HurdOnTheHill,Texas 23rd District,U.S. Representative,"Hurd, Will",R,HurdOnTheHill
@RepKenMarchant,Texas 24th District,U.S. Representative,"Marchant, Kenny",R,RepKenMarchant
@RepRWilliams,Texas 25th District,U.S. Representative,"Williams, Roger",R,RepRWilliams
@michaelcburgess,Texas 26th District,U.S. Representative,"Burgess, Michael",R,michaelcburgess
@RepCloudTX,Texas 27th District,U.S. Representative,"Cloud, Michael",R,RepCloudTX
@RepCuellar,Texas 28th District,U.S. Representative,"Cuellar, Henry",D,RepCuellar
@RepSylviaGarcia,Texas 29th District,U.S. Representative,"Garcia, Sylvia",D,RepSylviaGarcia
@RepEBJ,Texas 30th District,U.S. Representative,"Johnson, Eddie Bernice",D,RepEBJ
@JudgeCarter,Texas 31st District,U.S. Representative,"Carter, John",R,JudgeCarter
@RepColinAllred,Texas 32nd District,U.S. Representative,"Allred, Colin",D,RepColinAllred
@RepVeasey,Texas 33rd District,U.S. Representative,"Veasey, Marc",D,RepVeasey
@RepFilemonVela,Texas 34th District,U.S. Representative,"Vela, Filemon",D,RepFilemonVela
@RepLloydDoggett,Texas 35th District,U.S. Representative,"Doggett, Lloyd",D,RepLloydDoggett
@RepBrianBabin,Texas 36th District,U.S. Representative,"Babin, Brian",R,RepBrianBabin
@SenMikeLee,Utah,U.S. Senator,"Lee, Mike",R,SenMikeLee
@SenatorRomney,Utah,U.S. Senator,"Romney, Mitt",R,SenatorRomney
@RepChrisStewart,Utah 2nd District,U.S. Representative,"Stewart, Chris",R,RepChrisStewart
@RepJohnCurtis,Utah 3rd District,U.S. Representative,"Curtis, John R.",R,RepJohnCurtis
@RepBenMcAdams,Utah 4th District,U.S. Representative,"McAdams, Ben",D,RepBenMcAdams
@SenSanders,Vermont,U.S. Senator,"Sanders, Bernie",I,SenSanders
 @SenatorLeahy,Vermont,U.S. Senator,"Leahy, Patrick",D,@SenatorLeahy
@PeterWelch,Vermont At-Large,U.S. Representative,"Welch, Peter",D,PeterWelch
@MarkWarner,Virginia,U.S. Senator,"Warner, Mark",D,MarkWarner
@timkaine,Virginia,U.S. Senator,"Kaine, Tim",D,timkaine
@RobWittman,Virginia 1st District,U.S. Representative,"Wittman, Robert J.",R,RobWittman
@RepElaineLuria,Virginia 2nd District,U.S. Representative,"Luria, Elaine",D,RepElaineLuria
@BobbyScott,Virginia 3rd District,U.S. Representative,"Scott, Robert C.",D,BobbyScott
@Donald_McEachin,Virginia 4th District,U.S. Representative,"McEacchin, Donald",R,Donald_McEachin
@RepRiggleman,Virginia 5th District,U.S. Representative,"Riggleman, Denver",R,RepRiggleman
@RepBenCline,Virginia 6th District,U.S. Representative,"Cline, Ben",R,RepBenCline
@RepSpanberger,Virginia 7th District,U.S. Representative,"Spanberger, Abigail",D,RepSpanberger
@RepDonBeyer,Virginia 8th District,U.S. Representative,"Beyer, Don",D,RepDonBeyer
@RepMGriffith,Virginia 9th District,U.S. Representative,"Griffith, Morgan",R,RepMGriffith
@RepWexton,Virginia 10th District,U.S. Representative,"Wexton, Jennifer",D,RepWexton
@GerryConnolly,Virginia 11th District,U.S. Representative,"Connolly, Gerald E. “Gerry”",D,GerryConnolly
@StaceyPlaskett,Virgin Islands At-Large,U.S. Representative,"Plaskett, Stacey",D,StaceyPlaskett
@PattyMurray,Washington,U.S. Senator,"Murray, Patty",D,PattyMurray
@SenatorCantwell,Washington,U.S. Senator,"Cantwell, Maria",D,SenatorCantwell
@RepDelBene,Washington 1st District,U.S. Representative,"DelBene, Suzan",D,RepDelBene
@RepRickLarsen,Washington 2nd District,U.S. Representative,"Larsen, Rick",D,RepRickLarsen
@HerreraBeutler,Washington 3rd District,U.S. Representative,"Herrera Beutler, Jaime",R,HerreraBeutler
@RepNewhouse,Washington 4th District,U.S. Representative,"Newhouse, Dan",R,RepNewhouse
@cathymcmorris,Washington 5th District,U.S. Representative,"McMorris Rodgers, Cathy",R,cathymcmorris
@RepDerekKilmer,Washington 6th District,U.S. Representative,"Kilmer, Derek",D,RepDerekKilmer
@PramilaJayapal,Washington 7th District,U.S. Representative,"Jayapal, Pramila",D,PramilaJayapal
@RepKimSchrier,Washington 8th District,U.S. Representative,"Schrier, Kim",D,RepKimSchrier
@RepAdamSmith,Washington 9th District,U.S. Representative,"Smith, Adam",D,RepAdamSmith
@RepDennyHeck,Washington 10th District,U.S. Representative,"Heck, Denny",D,RepDennyHeck
@Sen_JoeManchin,West Virginia,U.S. Senator,"Manchin, Joe",D,Sen_JoeManchin
@SenCapito,West Virginia,U.S. Senator,"Moore Capito, Shelley",R,SenCapito
@RepMcKinley,West Virginia 1st District,U.S. Representative,"McKinley, David",R,RepMcKinley
@RepAlexMooney,West Virginia 2nd District,U.S. Representative,"Mooney, Alex",R,RepAlexMooney
@RepCarolMiller,West Virginia 3rd District,U.S. Representative,"Miller, Carol",R,RepCarolMiller
@SenRonJohnson,Wisconsin,U.S. Senator,"Johnson, Ron",R,SenRonJohnson
@SenatorBaldwin,Wisconsin,U.S. Senator,"Baldwin, Tammy",D,SenatorBaldwin
@RepBryanSteil,Wisconsin 1st District,U.S. Representative,"Steil, Bryan",D,RepBryanSteil
@repmarkpocan,Wisconsin 2nd District,U.S. Representative,"Pocan, Mark",D,repmarkpocan
@RepRonKind,Wisconsin 3rd District,U.S. Representative,"Kind, Ron",D,RepRonKind
@RepGwenMoore,Wisconsin 4th District,U.S. Representative,"Moore, Gwen",D,RepGwenMoore
@JimPressOffice,Wisconsin 5th District,U.S. Representative,"Sensenbrenner, F. James",R,JimPressOffice
@RepGrothman,Wisconsin 6th District,U.S. Representative,"Grothman, Glenn",R,RepGrothman
@TomTiffanyWI,Wisconsin 7th District,U.S. Representative,"Tiffany, Thomas",R,TomTiffanyWI
@MikeforWI,Wisconsin 8th District,U.S. Representative,"Gallagher, Mike",R,MikeforWI
@SenatorEnzi,Wyoming,U.S. Senator,"Enzi, Mike",R,SenatorEnzi
@SenJohnBarrasso,Wyoming,U.S. Senator,"Barrasso, John",R,SenJohnBarrasso
@Liz_Cheney,Wyoming At-Large,U.S. Representative,"Cheney, Liz",R,Liz_Cheney
